img,label,pca
0_100.jpg,apple,"[27.446493662591728,3.4835379446126846,-24.58269689002435,-0.23171943354959743,0.406644199079552,-6.34081078301997e-14,-1.0032822905970998e-13]"
101_100.jpg,apple,"[40.46234618829893,-5.9580626754345944,9.251727674452084,10.251129557685948,-3.4003327573788216,-8.777305302826948e-14,-6.647563657003301e-14]"
100_100.jpg,apple,"[40.64072081642005,-5.364383430278038,10.40425181577732,-10.009031673614578,3.242474459545629,-7.48320158974825e-14,-6.232617801549649e-14]"
0_100.jpg,banana,"[-24.677330749834162,40.11110925104123,4.907446232230013,0.13740310560800523,-0.16280900069299867,6.67733480627418e-14,7.071507199073421e-14]"
104_100.jpg,banana,"[-42.59101778165666,-16.09264116468706,0.43964994847129074,3.3290931588000663,9.863247867346127,6.49328263089113e-14,5.67783274130398e-14]"
107_100.jpg,banana,"[-41.28121213582009,-16.17955992525427,-0.42037878090636466,-3.4768747149298873,-9.949224767899597,5.861203109999282e-14,6.78498687807342e-14]"
